Filename,name,Collection,Edition,Message,Bunny Type,Trait 1,Trait 2,Trait 3,Trait 4,Website
LousyCNFTEaster001,Lousy CNFT Easter 2022 #001,Lousy CNFT,Easter 2022,All i got for Easter was this Lousy CNFT,Dark Grey,camo 1,ammo belt,white egg,null,www.lousyCNFT.com
LousyCNFTEaster002,Lousy CNFT Easter 2022 #002,Lousy CNFT,Easter 2022,All i got for Easter was this Lousy CNFT,Dark Grey,camo 3,grenade belt,blue egg,null,www.lousyCNFT.com
LousyCNFTEaster003,Lousy CNFT Easter 2022 #003,Lousy CNFT,Easter 2022,All i got for Easter was this Lousy CNFT,Brown,camo 3,ammo belt,yellow egg,null,www.lousyCNFT.com
LousyCNFTEaster004,Lousy CNFT Easter 2022 #004,Lousy CNFT,Easter 2022,All i got for Easter was this Lousy CNFT,Strawberry,camo 3,grenade belt,Orange egg,null,www.lousyCNFT.com
LousyCNFTEaster005,Lousy CNFT Easter 2022 #005,Lousy CNFT,Easter 2022,All i got for Easter was this Lousy CNFT,Mustard,camo 3,ammo belt,black egg,null,www.lousyCNFT.com
LousyCNFTEaster006,Lousy CNFT Easter 2022 #006,Lousy CNFT,Easter 2022,All i got for Easter was this Lousy CNFT,Mustard,camo 3,grenade belt,green egg,null,www.lousyCNFT.com
LousyCNFTEaster007,Lousy CNFT Easter 2022 #007,Lousy CNFT,Easter 2022,All i got for Easter was this Lousy CNFT,Brown,camo 1,ammo belt,yellow egg,null,www.lousyCNFT.com
LousyCNFTEaster008,Lousy CNFT Easter 2022 #008,Lousy CNFT,Easter 2022,All i got for Easter was this Lousy CNFT,Dark Grey,camo 3,grenade belt,Orange egg,null,www.lousyCNFT.com
LousyCNFTEaster009,Lousy CNFT Easter 2022 #009,Lousy CNFT,Easter 2022,All i got for Easter was this Lousy CNFT,Grey,camo 3,grenade belt,white egg,null,www.lousyCNFT.com
LousyCNFTEaster010,Lousy CNFT Easter 2022 #010,Lousy CNFT,Easter 2022,All i got for Easter was this Lousy CNFT,Strawberry,camo 3,grenade belt,red egg,null,www.lousyCNFT.com
LousyCNFTEaster011,Lousy CNFT Easter 2022 #011,Lousy CNFT,Easter 2022,All i got for Easter was this Lousy CNFT,Mustard,camo 2,ammo belt,green egg,null,www.lousyCNFT.com
LousyCNFTEaster012,Lousy CNFT Easter 2022 #012,Lousy CNFT,Easter 2022,All i got for Easter was this Lousy CNFT,Dark Grey,camo 2,ammo belt,Orange egg,null,www.lousyCNFT.com
LousyCNFTEaster013,Lousy CNFT Easter 2022 #013,Lousy CNFT,Easter 2022,All i got for Easter was this Lousy CNFT,Dark Grey,camo 1,ammo belt,red egg,null,www.lousyCNFT.com
LousyCNFTEaster014,Lousy CNFT Easter 2022 #014,Lousy CNFT,Easter 2022,All i got for Easter was this Lousy CNFT,Grey,camo 2,ammo belt,green egg,null,www.lousyCNFT.com
LousyCNFTEaster015,Lousy CNFT Easter 2022 #015,Lousy CNFT,Easter 2022,All i got for Easter was this Lousy CNFT,Dark Grey,camo 1,ammo belt,green egg,null,www.lousyCNFT.com
LousyCNFTEaster016,Lousy CNFT Easter 2022 #016,Lousy CNFT,Easter 2022,All i got for Easter was this Lousy CNFT,Brown,camo 1,grenade belt,red egg,null,www.lousyCNFT.com
LousyCNFTEaster017,Lousy CNFT Easter 2022 #017,Lousy CNFT,Easter 2022,All i got for Easter was this Lousy CNFT,Mustard,camo 3,ammo belt,red egg,null,www.lousyCNFT.com
LousyCNFTEaster018,Lousy CNFT Easter 2022 #018,Lousy CNFT,Easter 2022,All i got for Easter was this Lousy CNFT,Grey,camo 3,ammo belt,black egg,null,www.lousyCNFT.com
LousyCNFTEaster019,Lousy CNFT Easter 2022 #019,Lousy CNFT,Easter 2022,All i got for Easter was this Lousy CNFT,Dark Grey,camo 1,ammo belt,black egg,null,www.lousyCNFT.com
LousyCNFTEaster020,Lousy CNFT Easter 2022 #020,Lousy CNFT,Easter 2022,All i got for Easter was this Lousy CNFT,Brown,camo 3,grenade belt,green egg,null,www.lousyCNFT.com
LousyCNFTEaster021,Lousy CNFT Easter 2022 #021,Lousy CNFT,Easter 2022,All i got for Easter was this Lousy CNFT,Dark Grey,camo 3,ammo belt,red egg,null,www.lousyCNFT.com
LousyCNFTEaster022,Lousy CNFT Easter 2022 #022,Lousy CNFT,Easter 2022,All i got for Easter was this Lousy CNFT,Grey,camo 3,grenade belt,blue egg,null,www.lousyCNFT.com
LousyCNFTEaster023,Lousy CNFT Easter 2022 #023,Lousy CNFT,Easter 2022,All i got for Easter was this Lousy CNFT,Brown,camo 2,grenade belt,blue egg,null,www.lousyCNFT.com
LousyCNFTEaster024,Lousy CNFT Easter 2022 #024,Lousy CNFT,Easter 2022,All i got for Easter was this Lousy CNFT,Mustard,camo 2,ammo belt,yellow egg,Armor,www.lousyCNFT.com
LousyCNFTEaster025,Lousy CNFT Easter 2022 #025,Lousy CNFT,Easter 2022,All i got for Easter was this Lousy CNFT,Brown,camo 3,ammo belt,red egg,null,www.lousyCNFT.com
LousyCNFTEaster026,Lousy CNFT Easter 2022 #026,Lousy CNFT,Easter 2022,All i got for Easter was this Lousy CNFT,Dark Grey,camo 1,grenade belt,white egg,null,www.lousyCNFT.com
LousyCNFTEaster027,Lousy CNFT Easter 2022 #027,Lousy CNFT,Easter 2022,All i got for Easter was this Lousy CNFT,Strawberry,camo 3,grenade belt,white egg,null,www.lousyCNFT.com
LousyCNFTEaster028,Lousy CNFT Easter 2022 #028,Lousy CNFT,Easter 2022,All i got for Easter was this Lousy CNFT,Strawberry,camo 1,ammo belt,red egg,null,www.lousyCNFT.com
LousyCNFTEaster029,Lousy CNFT Easter 2022 #029,Lousy CNFT,Easter 2022,All i got for Easter was this Lousy CNFT,Mustard,camo 2,ammo belt,black egg,null,www.lousyCNFT.com
LousyCNFTEaster030,Lousy CNFT Easter 2022 #030,Lousy CNFT,Easter 2022,All i got for Easter was this Lousy CNFT,Grey,camo 3,grenade belt,green egg,null,www.lousyCNFT.com
LousyCNFTEaster031,Lousy CNFT Easter 2022 #031,Lousy CNFT,Easter 2022,All i got for Easter was this Lousy CNFT,Mustard,camo 1,ammo belt,black egg,null,www.lousyCNFT.com
LousyCNFTEaster032,Lousy CNFT Easter 2022 #032,Lousy CNFT,Easter 2022,All i got for Easter was this Lousy CNFT,Dark Grey,camo 2,grenade belt,red egg,null,www.lousyCNFT.com
LousyCNFTEaster033,Lousy CNFT Easter 2022 #033,Lousy CNFT,Easter 2022,All i got for Easter was this Lousy CNFT,Brown,camo 3,ammo belt,white egg,null,www.lousyCNFT.com
LousyCNFTEaster034,Lousy CNFT Easter 2022 #034,Lousy CNFT,Easter 2022,All i got for Easter was this Lousy CNFT,Strawberry,camo 1,ammo belt,white egg,null,www.lousyCNFT.com
LousyCNFTEaster035,Lousy CNFT Easter 2022 #035,Lousy CNFT,Easter 2022,All i got for Easter was this Lousy CNFT,Grey,camo 1,grenade belt,green egg,null,www.lousyCNFT.com
LousyCNFTEaster036,Lousy CNFT Easter 2022 #036,Lousy CNFT,Easter 2022,All i got for Easter was this Lousy CNFT,Grey,camo 3,ammo belt,green egg,null,www.lousyCNFT.com
LousyCNFTEaster037,Lousy CNFT Easter 2022 #037,Lousy CNFT,Easter 2022,All i got for Easter was this Lousy CNFT,Mustard,camo 3,grenade belt,blue egg,null,www.lousyCNFT.com
LousyCNFTEaster038,Lousy CNFT Easter 2022 #038,Lousy CNFT,Easter 2022,All i got for Easter was this Lousy CNFT,Strawberry,camo 1,grenade belt,green egg,null,www.lousyCNFT.com
LousyCNFTEaster039,Lousy CNFT Easter 2022 #039,Lousy CNFT,Easter 2022,All i got for Easter was this Lousy CNFT,Grey,camo 3,grenade belt,yellow egg,null,www.lousyCNFT.com
LousyCNFTEaster040,Lousy CNFT Easter 2022 #040,Lousy CNFT,Easter 2022,All i got for Easter was this Lousy CNFT,Brown,camo 2,ammo belt,Orange egg,null,www.lousyCNFT.com
LousyCNFTEaster041,Lousy CNFT Easter 2022 #041,Lousy CNFT,Easter 2022,All i got for Easter was this Lousy CNFT,Mustard,camo 1,grenade belt,yellow egg,null,www.lousyCNFT.com
LousyCNFTEaster042,Lousy CNFT Easter 2022 #042,Lousy CNFT,Easter 2022,All i got for Easter was this Lousy CNFT,Grey,camo 1,ammo belt,Orange egg,null,www.lousyCNFT.com
LousyCNFTEaster043,Lousy CNFT Easter 2022 #043,Lousy CNFT,Easter 2022,All i got for Easter was this Lousy CNFT,Brown,camo 2,ammo belt,blue egg,null,www.lousyCNFT.com
LousyCNFTEaster044,Lousy CNFT Easter 2022 #044,Lousy CNFT,Easter 2022,All i got for Easter was this Lousy CNFT,Strawberry,camo 2,grenade belt,Orange egg,null,www.lousyCNFT.com
LousyCNFTEaster045,Lousy CNFT Easter 2022 #045,Lousy CNFT,Easter 2022,All i got for Easter was this Lousy CNFT,Grey,camo 1,grenade belt,black egg,null,www.lousyCNFT.com
LousyCNFTEaster046,Lousy CNFT Easter 2022 #046,Lousy CNFT,Easter 2022,All i got for Easter was this Lousy CNFT,Dark Grey,camo 1,ammo belt,Orange egg,null,www.lousyCNFT.com
LousyCNFTEaster047,Lousy CNFT Easter 2022 #047,Lousy CNFT,Easter 2022,All i got for Easter was this Lousy CNFT,Dark Grey,camo 2,grenade belt,green egg,null,www.lousyCNFT.com
LousyCNFTEaster048,Lousy CNFT Easter 2022 #048,Lousy CNFT,Easter 2022,All i got for Easter was this Lousy CNFT,Mustard,camo 3,ammo belt,white egg,null,www.lousyCNFT.com
LousyCNFTEaster049,Lousy CNFT Easter 2022 #049,Lousy CNFT,Easter 2022,All i got for Easter was this Lousy CNFT,Strawberry,camo 3,ammo belt,yellow egg,null,www.lousyCNFT.com
LousyCNFTEaster050,Lousy CNFT Easter 2022 #050,Lousy CNFT,Easter 2022,All i got for Easter was this Lousy CNFT,Grey,camo 1,grenade belt,red egg,null,www.lousyCNFT.com
LousyCNFTEaster051,Lousy CNFT Easter 2022 #051,Lousy CNFT,Easter 2022,All i got for Easter was this Lousy CNFT,Dark Grey,camo 3,ammo belt,white egg,null,www.lousyCNFT.com
LousyCNFTEaster052,Lousy CNFT Easter 2022 #052,Lousy CNFT,Easter 2022,All i got for Easter was this Lousy CNFT,Mustard,camo 1,ammo belt,yellow egg,null,www.lousyCNFT.com
LousyCNFTEaster053,Lousy CNFT Easter 2022 #053,Lousy CNFT,Easter 2022,All i got for Easter was this Lousy CNFT,Grey,camo 3,ammo belt,blue egg,Armor,www.lousyCNFT.com
LousyCNFTEaster054,Lousy CNFT Easter 2022 #054,Lousy CNFT,Easter 2022,All i got for Easter was this Lousy CNFT,Mustard,camo 1,grenade belt,red egg,null,www.lousyCNFT.com
LousyCNFTEaster055,Lousy CNFT Easter 2022 #055,Lousy CNFT,Easter 2022,All i got for Easter was this Lousy CNFT,Brown,camo 1,grenade belt,white egg,null,www.lousyCNFT.com
LousyCNFTEaster056,Lousy CNFT Easter 2022 #056,Lousy CNFT,Easter 2022,All i got for Easter was this Lousy CNFT,Dark Grey,camo 1,ammo belt,yellow egg,null,www.lousyCNFT.com
LousyCNFTEaster057,Lousy CNFT Easter 2022 #057,Lousy CNFT,Easter 2022,All i got for Easter was this Lousy CNFT,Dark Grey,camo 2,ammo belt,yellow egg,null,www.lousyCNFT.com
LousyCNFTEaster058,Lousy CNFT Easter 2022 #058,Lousy CNFT,Easter 2022,All i got for Easter was this Lousy CNFT,Grey,camo 2,ammo belt,black egg,null,www.lousyCNFT.com
LousyCNFTEaster059,Lousy CNFT Easter 2022 #059,Lousy CNFT,Easter 2022,All i got for Easter was this Lousy CNFT,Strawberry,camo 3,grenade belt,yellow egg,null,www.lousyCNFT.com
LousyCNFTEaster060,Lousy CNFT Easter 2022 #060,Lousy CNFT,Easter 2022,All i got for Easter was this Lousy CNFT,Grey,camo 1,ammo belt,yellow egg,null,www.lousyCNFT.com
LousyCNFTEaster061,Lousy CNFT Easter 2022 #061,Lousy CNFT,Easter 2022,All i got for Easter was this Lousy CNFT,Brown,camo 2,ammo belt,black egg,null,www.lousyCNFT.com
LousyCNFTEaster062,Lousy CNFT Easter 2022 #062,Lousy CNFT,Easter 2022,All i got for Easter was this Lousy CNFT,Strawberry,camo 2,ammo belt,black egg,null,www.lousyCNFT.com
LousyCNFTEaster063,Lousy CNFT Easter 2022 #063,Lousy CNFT,Easter 2022,All i got for Easter was this Lousy CNFT,Strawberry,camo 3,grenade belt,black egg,null,www.lousyCNFT.com
LousyCNFTEaster064,Lousy CNFT Easter 2022 #064,Lousy CNFT,Easter 2022,All i got for Easter was this Lousy CNFT,Brown,camo 3,grenade belt,blue egg,null,www.lousyCNFT.com
LousyCNFTEaster065,Lousy CNFT Easter 2022 #065,Lousy CNFT,Easter 2022,All i got for Easter was this Lousy CNFT,Grey,camo 3,ammo belt,white egg,null,www.lousyCNFT.com
LousyCNFTEaster066,Lousy CNFT Easter 2022 #066,Lousy CNFT,Easter 2022,All i got for Easter was this Lousy CNFT,Dark Grey,camo 2,ammo belt,green egg,null,www.lousyCNFT.com
LousyCNFTEaster067,Lousy CNFT Easter 2022 #067,Lousy CNFT,Easter 2022,All i got for Easter was this Lousy CNFT,Mustard,camo 1,ammo belt,red egg,null,www.lousyCNFT.com
LousyCNFTEaster068,Lousy CNFT Easter 2022 #068,Lousy CNFT,Easter 2022,All i got for Easter was this Lousy CNFT,Mustard,camo 1,grenade belt,Orange egg,null,www.lousyCNFT.com
LousyCNFTEaster069,Lousy CNFT Easter 2022 #069,Lousy CNFT,Easter 2022,All i got for Easter was this Lousy CNFT,Mustard,camo 2,grenade belt,red egg,null,www.lousyCNFT.com
LousyCNFTEaster070,Lousy CNFT Easter 2022 #070,Lousy CNFT,Easter 2022,All i got for Easter was this Lousy CNFT,Brown,camo 3,ammo belt,green egg,null,www.lousyCNFT.com
LousyCNFTEaster071,Lousy CNFT Easter 2022 #071,Lousy CNFT,Easter 2022,All i got for Easter was this Lousy CNFT,Brown,camo 1,grenade belt,yellow egg,null,www.lousyCNFT.com
LousyCNFTEaster072,Lousy CNFT Easter 2022 #072,Lousy CNFT,Easter 2022,All i got for Easter was this Lousy CNFT,Dark Grey,camo 2,ammo belt,blue egg,null,www.lousyCNFT.com
LousyCNFTEaster073,Lousy CNFT Easter 2022 #073,Lousy CNFT,Easter 2022,All i got for Easter was this Lousy CNFT,Dark Grey,camo 3,grenade belt,white egg,null,www.lousyCNFT.com
LousyCNFTEaster074,Lousy CNFT Easter 2022 #074,Lousy CNFT,Easter 2022,All i got for Easter was this Lousy CNFT,Brown,camo 2,ammo belt,yellow egg,null,www.lousyCNFT.com
LousyCNFTEaster075,Lousy CNFT Easter 2022 #075,Lousy CNFT,Easter 2022,All i got for Easter was this Lousy CNFT,Brown,camo 1,grenade belt,black egg,null,www.lousyCNFT.com
LousyCNFTEaster076,Lousy CNFT Easter 2022 #076,Lousy CNFT,Easter 2022,All i got for Easter was this Lousy CNFT,Mustard,camo 2,ammo belt,yellow egg,null,www.lousyCNFT.com
LousyCNFTEaster077,Lousy CNFT Easter 2022 #077,Lousy CNFT,Easter 2022,All i got for Easter was this Lousy CNFT,Mustard,camo 3,grenade belt,white egg,null,www.lousyCNFT.com
LousyCNFTEaster078,Lousy CNFT Easter 2022 #078,Lousy CNFT,Easter 2022,All i got for Easter was this Lousy CNFT,Grey,camo 3,grenade belt,red egg,null,www.lousyCNFT.com
LousyCNFTEaster079,Lousy CNFT Easter 2022 #079,Lousy CNFT,Easter 2022,All i got for Easter was this Lousy CNFT,Grey,camo 2,grenade belt,black egg,null,www.lousyCNFT.com
LousyCNFTEaster080,Lousy CNFT Easter 2022 #080,Lousy CNFT,Easter 2022,All i got for Easter was this Lousy CNFT,Grey,camo 1,ammo belt,Orange egg,Armor,www.lousyCNFT.com
LousyCNFTEaster081,Lousy CNFT Easter 2022 #081,Lousy CNFT,Easter 2022,All i got for Easter was this Lousy CNFT,Strawberry,camo 3,grenade belt,blue egg,null,www.lousyCNFT.com
LousyCNFTEaster082,Lousy CNFT Easter 2022 #082,Lousy CNFT,Easter 2022,All i got for Easter was this Lousy CNFT,Grey,camo 1,grenade belt,yellow egg,null,www.lousyCNFT.com
LousyCNFTEaster083,Lousy CNFT Easter 2022 #083,Lousy CNFT,Easter 2022,All i got for Easter was this Lousy CNFT,Grey,camo 2,ammo belt,red egg,null,www.lousyCNFT.com
LousyCNFTEaster084,Lousy CNFT Easter 2022 #084,Lousy CNFT,Easter 2022,All i got for Easter was this Lousy CNFT,Strawberry,camo 1,grenade belt,red egg,null,www.lousyCNFT.com
LousyCNFTEaster085,Lousy CNFT Easter 2022 #085,Lousy CNFT,Easter 2022,All i got for Easter was this Lousy CNFT,Mustard,camo 1,ammo belt,white egg,null,www.lousyCNFT.com
LousyCNFTEaster086,Lousy CNFT Easter 2022 #086,Lousy CNFT,Easter 2022,All i got for Easter was this Lousy CNFT,Strawberry,camo 2,grenade belt,red egg,null,www.lousyCNFT.com
LousyCNFTEaster087,Lousy CNFT Easter 2022 #087,Lousy CNFT,Easter 2022,All i got for Easter was this Lousy CNFT,Dark Grey,camo 2,grenade belt,yellow egg,null,www.lousyCNFT.com
LousyCNFTEaster088,Lousy CNFT Easter 2022 #088,Lousy CNFT,Easter 2022,All i got for Easter was this Lousy CNFT,Strawberry,camo 3,ammo belt,black egg,null,www.lousyCNFT.com
LousyCNFTEaster089,Lousy CNFT Easter 2022 #089,Lousy CNFT,Easter 2022,All i got for Easter was this Lousy CNFT,Brown,camo 2,grenade belt,Orange egg,null,www.lousyCNFT.com
LousyCNFTEaster090,Lousy CNFT Easter 2022 #090,Lousy CNFT,Easter 2022,All i got for Easter was this Lousy CNFT,Dark Grey,camo 1,ammo belt,yellow egg,Armor,www.lousyCNFT.com
LousyCNFTEaster091,Lousy CNFT Easter 2022 #091,Lousy CNFT,Easter 2022,All i got for Easter was this Lousy CNFT,Strawberry,camo 1,ammo belt,black egg,null,www.lousyCNFT.com
LousyCNFTEaster092,Lousy CNFT Easter 2022 #092,Lousy CNFT,Easter 2022,All i got for Easter was this Lousy CNFT,Strawberry,camo 3,grenade belt,green egg,null,www.lousyCNFT.com
LousyCNFTEaster093,Lousy CNFT Easter 2022 #093,Lousy CNFT,Easter 2022,All i got for Easter was this Lousy CNFT,Brown,camo 1,ammo belt,white egg,null,www.lousyCNFT.com
LousyCNFTEaster094,Lousy CNFT Easter 2022 #094,Lousy CNFT,Easter 2022,All i got for Easter was this Lousy CNFT,Mustard,camo 2,grenade belt,yellow egg,Armor,www.lousyCNFT.com
LousyCNFTEaster095,Lousy CNFT Easter 2022 #095,Lousy CNFT,Easter 2022,All i got for Easter was this Lousy CNFT,Brown,camo 2,grenade belt,red egg,null,www.lousyCNFT.com
LousyCNFTEaster096,Lousy CNFT Easter 2022 #096,Lousy CNFT,Easter 2022,All i got for Easter was this Lousy CNFT,Strawberry,camo 2,ammo belt,Orange egg,null,www.lousyCNFT.com
LousyCNFTEaster097,Lousy CNFT Easter 2022 #097,Lousy CNFT,Easter 2022,All i got for Easter was this Lousy CNFT,Brown,camo 3,grenade belt,Orange egg,null,www.lousyCNFT.com
LousyCNFTEaster098,Lousy CNFT Easter 2022 #098,Lousy CNFT,Easter 2022,All i got for Easter was this Lousy CNFT,Mustard,camo 1,grenade belt,blue egg,null,www.lousyCNFT.com
LousyCNFTEaster099,Lousy CNFT Easter 2022 #099,Lousy CNFT,Easter 2022,All i got for Easter was this Lousy CNFT,Mustard,camo 3,ammo belt,blue egg,null,www.lousyCNFT.com
LousyCNFTEaster100,Lousy CNFT Easter 2022 #100,Lousy CNFT,Easter 2022,All i got for Easter was this Lousy CNFT,Strawberry,camo 3,ammo belt,green egg,null,www.lousyCNFT.com
LousyCNFTEaster101,Lousy CNFT Easter 2022 #101,Lousy CNFT,Easter 2022,All i got for Easter was this Lousy CNFT,Strawberry,camo 2,ammo belt,red egg,null,www.lousyCNFT.com
LousyCNFTEaster102,Lousy CNFT Easter 2022 #102,Lousy CNFT,Easter 2022,All i got for Easter was this Lousy CNFT,Mustard,camo 2,grenade belt,green egg,null,www.lousyCNFT.com
LousyCNFTEaster103,Lousy CNFT Easter 2022 #103,Lousy CNFT,Easter 2022,All i got for Easter was this Lousy CNFT,Dark Grey,camo 2,grenade belt,blue egg,null,www.lousyCNFT.com
LousyCNFTEaster104,Lousy CNFT Easter 2022 #104,Lousy CNFT,Easter 2022,All i got for Easter was this Lousy CNFT,Strawberry,camo 3,ammo belt,red egg,null,www.lousyCNFT.com
LousyCNFTEaster105,Lousy CNFT Easter 2022 #105,Lousy CNFT,Easter 2022,All i got for Easter was this Lousy CNFT,Brown,camo 3,ammo belt,Orange egg,null,www.lousyCNFT.com
LousyCNFTEaster106,Lousy CNFT Easter 2022 #106,Lousy CNFT,Easter 2022,All i got for Easter was this Lousy CNFT,Brown,camo 1,grenade belt,green egg,null,www.lousyCNFT.com
LousyCNFTEaster107,Lousy CNFT Easter 2022 #107,Lousy CNFT,Easter 2022,All i got for Easter was this Lousy CNFT,Mustard,camo 1,grenade belt,green egg,null,www.lousyCNFT.com
LousyCNFTEaster108,Lousy CNFT Easter 2022 #108,Lousy CNFT,Easter 2022,All i got for Easter was this Lousy CNFT,Brown,camo 3,grenade belt,white egg,null,www.lousyCNFT.com
LousyCNFTEaster109,Lousy CNFT Easter 2022 #109,Lousy CNFT,Easter 2022,All i got for Easter was this Lousy CNFT,Brown,camo 3,grenade belt,yellow egg,null,www.lousyCNFT.com
LousyCNFTEaster110,Lousy CNFT Easter 2022 #110,Lousy CNFT,Easter 2022,All i got for Easter was this Lousy CNFT,Dark Grey,camo 3,ammo belt,yellow egg,null,www.lousyCNFT.com
LousyCNFTEaster111,Lousy CNFT Easter 2022 #111,Lousy CNFT,Easter 2022,All i got for Easter was this Lousy CNFT,Grey,camo 1,ammo belt,black egg,null,www.lousyCNFT.com
LousyCNFTEaster112,Lousy CNFT Easter 2022 #112,Lousy CNFT,Easter 2022,All i got for Easter was this Lousy CNFT,Brown,camo 1,grenade belt,Orange egg,null,www.lousyCNFT.com
LousyCNFTEaster113,Lousy CNFT Easter 2022 #113,Lousy CNFT,Easter 2022,All i got for Easter was this Lousy CNFT,Strawberry,camo 1,ammo belt,yellow egg,Armor,www.lousyCNFT.com
LousyCNFTEaster114,Lousy CNFT Easter 2022 #114,Lousy CNFT,Easter 2022,All i got for Easter was this Lousy CNFT,Brown,camo 3,grenade belt,black egg,null,www.lousyCNFT.com
LousyCNFTEaster115,Lousy CNFT Easter 2022 #115,Lousy CNFT,Easter 2022,All i got for Easter was this Lousy CNFT,Mustard,camo 2,ammo belt,white egg,null,www.lousyCNFT.com
LousyCNFTEaster116,Lousy CNFT Easter 2022 #116,Lousy CNFT,Easter 2022,All i got for Easter was this Lousy CNFT,Dark Grey,camo 3,ammo belt,black egg,null,www.lousyCNFT.com
LousyCNFTEaster117,Lousy CNFT Easter 2022 #117,Lousy CNFT,Easter 2022,All i got for Easter was this Lousy CNFT,Strawberry,camo 2,ammo belt,green egg,null,www.lousyCNFT.com
LousyCNFTEaster118,Lousy CNFT Easter 2022 #118,Lousy CNFT,Easter 2022,All i got for Easter was this Lousy CNFT,Mustard,camo 1,grenade belt,blue egg,Armor,www.lousyCNFT.com
LousyCNFTEaster119,Lousy CNFT Easter 2022 #119,Lousy CNFT,Easter 2022,All i got for Easter was this Lousy CNFT,Mustard,camo 2,ammo belt,blue egg,null,www.lousyCNFT.com
LousyCNFTEaster120,Lousy CNFT Easter 2022 #120,Lousy CNFT,Easter 2022,All i got for Easter was this Lousy CNFT,Grey,camo 3,grenade belt,green egg,Armor,www.lousyCNFT.com
LousyCNFTEaster121,Lousy CNFT Easter 2022 #121,Lousy CNFT,Easter 2022,All i got for Easter was this Lousy CNFT,Strawberry,camo 1,grenade belt,black egg,Armor,www.lousyCNFT.com
LousyCNFTEaster122,Lousy CNFT Easter 2022 #122,Lousy CNFT,Easter 2022,All i got for Easter was this Lousy CNFT,Strawberry,camo 1,grenade belt,blue egg,null,www.lousyCNFT.com
LousyCNFTEaster123,Lousy CNFT Easter 2022 #123,Lousy CNFT,Easter 2022,All i got for Easter was this Lousy CNFT,Dark Grey,camo 1,grenade belt,yellow egg,null,www.lousyCNFT.com
LousyCNFTEaster124,Lousy CNFT Easter 2022 #124,Lousy CNFT,Easter 2022,All i got for Easter was this Lousy CNFT,Strawberry,camo 1,grenade belt,Orange egg,null,www.lousyCNFT.com
LousyCNFTEaster125,Lousy CNFT Easter 2022 #125,Lousy CNFT,Easter 2022,All i got for Easter was this Lousy CNFT,Mustard,camo 1,grenade belt,black egg,null,www.lousyCNFT.com
LousyCNFTEaster126,Lousy CNFT Easter 2022 #126,Lousy CNFT,Easter 2022,All i got for Easter was this Lousy CNFT,Brown,camo 2,grenade belt,Orange egg,Armor,www.lousyCNFT.com
LousyCNFTEaster127,Lousy CNFT Easter 2022 #127,Lousy CNFT,Easter 2022,All i got for Easter was this Lousy CNFT,Dark Grey,camo 1,grenade belt,blue egg,null,www.lousyCNFT.com
LousyCNFTEaster128,Lousy CNFT Easter 2022 #128,Lousy CNFT,Easter 2022,All i got for Easter was this Lousy CNFT,Grey,camo 2,ammo belt,yellow egg,null,www.lousyCNFT.com
LousyCNFTEaster129,Lousy CNFT Easter 2022 #129,Lousy CNFT,Easter 2022,All i got for Easter was this Lousy CNFT,Grey,camo 1,grenade belt,Orange egg,null,www.lousyCNFT.com
LousyCNFTEaster130,Lousy CNFT Easter 2022 #130,Lousy CNFT,Easter 2022,All i got for Easter was this Lousy CNFT,Strawberry,camo 2,grenade belt,white egg,null,www.lousyCNFT.com
LousyCNFTEaster131,Lousy CNFT Easter 2022 #131,Lousy CNFT,Easter 2022,All i got for Easter was this Lousy CNFT,Mustard,camo 3,grenade belt,yellow egg,null,www.lousyCNFT.com
LousyCNFTEaster132,Lousy CNFT Easter 2022 #132,Lousy CNFT,Easter 2022,All i got for Easter was this Lousy CNFT,Dark Grey,camo 2,grenade belt,white egg,null,www.lousyCNFT.com
LousyCNFTEaster133,Lousy CNFT Easter 2022 #133,Lousy CNFT,Easter 2022,All i got for Easter was this Lousy CNFT,Brown,camo 2,ammo belt,white egg,null,www.lousyCNFT.com
LousyCNFTEaster134,Lousy CNFT Easter 2022 #134,Lousy CNFT,Easter 2022,All i got for Easter was this Lousy CNFT,Strawberry,camo 2,grenade belt,black egg,null,www.lousyCNFT.com
LousyCNFTEaster135,Lousy CNFT Easter 2022 #135,Lousy CNFT,Easter 2022,All i got for Easter was this Lousy CNFT,Mustard,camo 1,ammo belt,Orange egg,null,www.lousyCNFT.com
LousyCNFTEaster136,Lousy CNFT Easter 2022 #136,Lousy CNFT,Easter 2022,All i got for Easter was this Lousy CNFT,Mustard,camo 2,grenade belt,black egg,null,www.lousyCNFT.com
LousyCNFTEaster137,Lousy CNFT Easter 2022 #137,Lousy CNFT,Easter 2022,All i got for Easter was this Lousy CNFT,Dark Grey,camo 3,ammo belt,blue egg,null,www.lousyCNFT.com
LousyCNFTEaster138,Lousy CNFT Easter 2022 #138,Lousy CNFT,Easter 2022,All i got for Easter was this Lousy CNFT,Grey,camo 2,grenade belt,blue egg,null,www.lousyCNFT.com
LousyCNFTEaster139,Lousy CNFT Easter 2022 #139,Lousy CNFT,Easter 2022,All i got for Easter was this Lousy CNFT,Dark Grey,camo 3,ammo belt,green egg,null,www.lousyCNFT.com
LousyCNFTEaster140,Lousy CNFT Easter 2022 #140,Lousy CNFT,Easter 2022,All i got for Easter was this Lousy CNFT,Brown,camo 3,ammo belt,black egg,null,www.lousyCNFT.com
LousyCNFTEaster141,Lousy CNFT Easter 2022 #141,Lousy CNFT,Easter 2022,All i got for Easter was this Lousy CNFT,Strawberry,camo 2,ammo belt,blue egg,Armor,www.lousyCNFT.com
LousyCNFTEaster142,Lousy CNFT Easter 2022 #142,Lousy CNFT,Easter 2022,All i got for Easter was this Lousy CNFT,Strawberry,camo 1,ammo belt,Orange egg,null,www.lousyCNFT.com
LousyCNFTEaster143,Lousy CNFT Easter 2022 #143,Lousy CNFT,Easter 2022,All i got for Easter was this Lousy CNFT,Grey,camo 1,ammo belt,yellow egg,Armor,www.lousyCNFT.com
LousyCNFTEaster144,Lousy CNFT Easter 2022 #144,Lousy CNFT,Easter 2022,All i got for Easter was this Lousy CNFT,Grey,camo 3,ammo belt,blue egg,null,www.lousyCNFT.com
LousyCNFTEaster145,Lousy CNFT Easter 2022 #145,Lousy CNFT,Easter 2022,All i got for Easter was this Lousy CNFT,Brown,camo 2,ammo belt,red egg,null,www.lousyCNFT.com
LousyCNFTEaster146,Lousy CNFT Easter 2022 #146,Lousy CNFT,Easter 2022,All i got for Easter was this Lousy CNFT,Dark Grey,camo 2,ammo belt,white egg,null,www.lousyCNFT.com
LousyCNFTEaster147,Lousy CNFT Easter 2022 #147,Lousy CNFT,Easter 2022,All i got for Easter was this Lousy CNFT,Mustard,camo 2,ammo belt,red egg,null,www.lousyCNFT.com
LousyCNFTEaster148,Lousy CNFT Easter 2022 #148,Lousy CNFT,Easter 2022,All i got for Easter was this Lousy CNFT,Grey,camo 2,ammo belt,white egg,null,www.lousyCNFT.com
LousyCNFTEaster149,Lousy CNFT Easter 2022 #149,Lousy CNFT,Easter 2022,All i got for Easter was this Lousy CNFT,Dark Grey,camo 2,grenade belt,Orange egg,null,www.lousyCNFT.com
LousyCNFTEaster150,Lousy CNFT Easter 2022 #150,Lousy CNFT,Easter 2022,All i got for Easter was this Lousy CNFT,Brown,camo 2,ammo belt,green egg,null,www.lousyCNFT.com
LousyCNFTEaster151,Lousy CNFT Easter 2022 #151,Lousy CNFT,Easter 2022,All i got for Easter was this Lousy CNFT,Grey,camo 2,ammo belt,blue egg,null,www.lousyCNFT.com
LousyCNFTEaster152,Lousy CNFT Easter 2022 #152,Lousy CNFT,Easter 2022,All i got for Easter was this Lousy CNFT,Strawberry,camo 3,ammo belt,Orange egg,null,www.lousyCNFT.com
LousyCNFTEaster153,Lousy CNFT Easter 2022 #153,Lousy CNFT,Easter 2022,All i got for Easter was this Lousy CNFT,Brown,camo 1,ammo belt,Orange egg,null,www.lousyCNFT.com
LousyCNFTEaster154,Lousy CNFT Easter 2022 #154,Lousy CNFT,Easter 2022,All i got for Easter was this Lousy CNFT,Strawberry,camo 1,ammo belt,green egg,null,www.lousyCNFT.com
LousyCNFTEaster155,Lousy CNFT Easter 2022 #155,Lousy CNFT,Easter 2022,All i got for Easter was this Lousy CNFT,Mustard,camo 2,grenade belt,white egg,null,www.lousyCNFT.com
LousyCNFTEaster156,Lousy CNFT Easter 2022 #156,Lousy CNFT,Easter 2022,All i got for Easter was this Lousy CNFT,Dark Grey,camo 3,ammo belt,Orange egg,null,www.lousyCNFT.com
LousyCNFTEaster157,Lousy CNFT Easter 2022 #157,Lousy CNFT,Easter 2022,All i got for Easter was this Lousy CNFT,Strawberry,camo 2,ammo belt,blue egg,null,www.lousyCNFT.com
LousyCNFTEaster158,Lousy CNFT Easter 2022 #158,Lousy CNFT,Easter 2022,All i got for Easter was this Lousy CNFT,Brown,camo 3,grenade belt,red egg,null,www.lousyCNFT.com
LousyCNFTEaster159,Lousy CNFT Easter 2022 #159,Lousy CNFT,Easter 2022,All i got for Easter was this Lousy CNFT,Grey,camo 1,grenade belt,white egg,Armor,www.lousyCNFT.com
LousyCNFTEaster160,Lousy CNFT Easter 2022 #160,Lousy CNFT,Easter 2022,All i got for Easter was this Lousy CNFT,Mustard,camo 3,ammo belt,Orange egg,null,www.lousyCNFT.com
LousyCNFTEaster161,Lousy CNFT Easter 2022 #161,Lousy CNFT,Easter 2022,All i got for Easter was this Lousy CNFT,Dark Grey,camo 1,ammo belt,blue egg,null,www.lousyCNFT.com
LousyCNFTEaster162,Lousy CNFT Easter 2022 #162,Lousy CNFT,Easter 2022,All i got for Easter was this Lousy CNFT,Grey,camo 2,grenade belt,green egg,null,www.lousyCNFT.com
LousyCNFTEaster163,Lousy CNFT Easter 2022 #163,Lousy CNFT,Easter 2022,All i got for Easter was this Lousy CNFT,Strawberry,camo 1,ammo belt,yellow egg,null,www.lousyCNFT.com
LousyCNFTEaster164,Lousy CNFT Easter 2022 #164,Lousy CNFT,Easter 2022,All i got for Easter was this Lousy CNFT,Grey,camo 2,ammo belt,Orange egg,null,www.lousyCNFT.com
LousyCNFTEaster165,Lousy CNFT Easter 2022 #165,Lousy CNFT,Easter 2022,All i got for Easter was this Lousy CNFT,Strawberry,camo 2,grenade belt,yellow egg,null,www.lousyCNFT.com
LousyCNFTEaster166,Lousy CNFT Easter 2022 #166,Lousy CNFT,Easter 2022,All i got for Easter was this Lousy CNFT,Mustard,camo 1,ammo belt,blue egg,null,www.lousyCNFT.com
LousyCNFTEaster167,Lousy CNFT Easter 2022 #167,Lousy CNFT,Easter 2022,All i got for Easter was this Lousy CNFT,Mustard,camo 2,ammo belt,Orange egg,null,www.lousyCNFT.com
LousyCNFTEaster168,Lousy CNFT Easter 2022 #168,Lousy CNFT,Easter 2022,All i got for Easter was this Lousy CNFT,Strawberry,camo 2,grenade belt,blue egg,null,www.lousyCNFT.com
LousyCNFTEaster169,Lousy CNFT Easter 2022 #169,Lousy CNFT,Easter 2022,All i got for Easter was this Lousy CNFT,Dark Grey,camo 3,grenade belt,green egg,null,www.lousyCNFT.com
LousyCNFTEaster170,Lousy CNFT Easter 2022 #170,Lousy CNFT,Easter 2022,All i got for Easter was this Lousy CNFT,Mustard,camo 1,grenade belt,white egg,null,www.lousyCNFT.com
LousyCNFTEaster171,Lousy CNFT Easter 2022 #171,Lousy CNFT,Easter 2022,All i got for Easter was this Lousy CNFT,Dark Grey,camo 1,grenade belt,black egg,null,www.lousyCNFT.com
LousyCNFTEaster172,Lousy CNFT Easter 2022 #172,Lousy CNFT,Easter 2022,All i got for Easter was this Lousy CNFT,Mustard,camo 2,grenade belt,Orange egg,null,www.lousyCNFT.com
LousyCNFTEaster173,Lousy CNFT Easter 2022 #173,Lousy CNFT,Easter 2022,All i got for Easter was this Lousy CNFT,Strawberry,camo 2,ammo belt,white egg,null,www.lousyCNFT.com
LousyCNFTEaster174,Lousy CNFT Easter 2022 #174,Lousy CNFT,Easter 2022,All i got for Easter was this Lousy CNFT,Grey,camo 1,ammo belt,green egg,null,www.lousyCNFT.com
LousyCNFTEaster175,Lousy CNFT Easter 2022 #175,Lousy CNFT,Easter 2022,All i got for Easter was this Lousy CNFT,Mustard,camo 2,grenade belt,yellow egg,null,www.lousyCNFT.com
LousyCNFTEaster176,Lousy CNFT Easter 2022 #176,Lousy CNFT,Easter 2022,All i got for Easter was this Lousy CNFT,Strawberry,camo 3,ammo belt,white egg,null,www.lousyCNFT.com
LousyCNFTEaster177,Lousy CNFT Easter 2022 #177,Lousy CNFT,Easter 2022,All i got for Easter was this Lousy CNFT,Grey,camo 1,grenade belt,blue egg,null,www.lousyCNFT.com
LousyCNFTEaster178,Lousy CNFT Easter 2022 #178,Lousy CNFT,Easter 2022,All i got for Easter was this Lousy CNFT,Mustard,camo 3,grenade belt,red egg,null,www.lousyCNFT.com
LousyCNFTEaster179,Lousy CNFT Easter 2022 #179,Lousy CNFT,Easter 2022,All i got for Easter was this Lousy CNFT,Dark Grey,camo 1,ammo belt,blue egg,Armor,www.lousyCNFT.com
LousyCNFTEaster180,Lousy CNFT Easter 2022 #180,Lousy CNFT,Easter 2022,All i got for Easter was this Lousy CNFT,Brown,camo 1,ammo belt,blue egg,null,www.lousyCNFT.com
LousyCNFTEaster181,Lousy CNFT Easter 2022 #181,Lousy CNFT,Easter 2022,All i got for Easter was this Lousy CNFT,Grey,camo 1,ammo belt,white egg,null,www.lousyCNFT.com
LousyCNFTEaster182,Lousy CNFT Easter 2022 #182,Lousy CNFT,Easter 2022,All i got for Easter was this Lousy CNFT,Mustard,camo 3,grenade belt,Orange egg,null,www.lousyCNFT.com
LousyCNFTEaster183,Lousy CNFT Easter 2022 #183,Lousy CNFT,Easter 2022,All i got for Easter was this Lousy CNFT,Strawberry,camo 3,grenade belt,yellow egg,Armor,www.lousyCNFT.com
LousyCNFTEaster184,Lousy CNFT Easter 2022 #184,Lousy CNFT,Easter 2022,All i got for Easter was this Lousy CNFT,Brown,camo 2,grenade belt,green egg,null,www.lousyCNFT.com
LousyCNFTEaster185,Lousy CNFT Easter 2022 #185,Lousy CNFT,Easter 2022,All i got for Easter was this Lousy CNFT,Brown,camo 2,grenade belt,yellow egg,null,www.lousyCNFT.com
LousyCNFTEaster186,Lousy CNFT Easter 2022 #186,Lousy CNFT,Easter 2022,All i got for Easter was this Lousy CNFT,Grey,camo 1,ammo belt,blue egg,null,www.lousyCNFT.com
LousyCNFTEaster187,Lousy CNFT Easter 2022 #187,Lousy CNFT,Easter 2022,All i got for Easter was this Lousy CNFT,Brown,camo 3,grenade belt,red egg,Armor,www.lousyCNFT.com
LousyCNFTEaster188,Lousy CNFT Easter 2022 #188,Lousy CNFT,Easter 2022,All i got for Easter was this Lousy CNFT,Grey,camo 3,grenade belt,Orange egg,null,www.lousyCNFT.com
LousyCNFTEaster189,Lousy CNFT Easter 2022 #189,Lousy CNFT,Easter 2022,All i got for Easter was this Lousy CNFT,Strawberry,camo 1,grenade belt,yellow egg,null,www.lousyCNFT.com
LousyCNFTEaster190,Lousy CNFT Easter 2022 #190,Lousy CNFT,Easter 2022,All i got for Easter was this Lousy CNFT,Dark Grey,camo 3,grenade belt,yellow egg,null,www.lousyCNFT.com
LousyCNFTEaster191,Lousy CNFT Easter 2022 #191,Lousy CNFT,Easter 2022,All i got for Easter was this Lousy CNFT,Grey,camo 1,ammo belt,red egg,null,www.lousyCNFT.com
LousyCNFTEaster192,Lousy CNFT Easter 2022 #192,Lousy CNFT,Easter 2022,All i got for Easter was this Lousy CNFT,Mustard,camo 1,ammo belt,green egg,null,www.lousyCNFT.com
LousyCNFTEaster193,Lousy CNFT Easter 2022 #193,Lousy CNFT,Easter 2022,All i got for Easter was this Lousy CNFT,Mustard,camo 3,ammo belt,green egg,null,www.lousyCNFT.com
LousyCNFTEaster194,Lousy CNFT Easter 2022 #194,Lousy CNFT,Easter 2022,All i got for Easter was this Lousy CNFT,Strawberry,camo 3,ammo belt,blue egg,null,www.lousyCNFT.com
LousyCNFTEaster195,Lousy CNFT Easter 2022 #195,Lousy CNFT,Easter 2022,All i got for Easter was this Lousy CNFT,Brown,camo 1,ammo belt,red egg,null,www.lousyCNFT.com
LousyCNFTEaster196,Lousy CNFT Easter 2022 #196,Lousy CNFT,Easter 2022,All i got for Easter was this Lousy CNFT,Dark Grey,camo 2,ammo belt,red egg,null,www.lousyCNFT.com
LousyCNFTEaster197,Lousy CNFT Easter 2022 #197,Lousy CNFT,Easter 2022,All i got for Easter was this Lousy CNFT,Brown,camo 1,grenade belt,blue egg,null,www.lousyCNFT.com
LousyCNFTEaster198,Lousy CNFT Easter 2022 #198,Lousy CNFT,Easter 2022,All i got for Easter was this Lousy CNFT,Grey,camo 2,grenade belt,red egg,null,www.lousyCNFT.com
LousyCNFTEaster199,Lousy CNFT Easter 2022 #199,Lousy CNFT,Easter 2022,All i got for Easter was this Lousy CNFT,Grey,camo 3,ammo belt,yellow egg,null,www.lousyCNFT.com
LousyCNFTEaster200,Lousy CNFT Easter 2022 #200,Lousy CNFT,Easter 2022,All i got for Easter was this Lousy CNFT,Grey,camo 2,grenade belt,yellow egg,null,www.lousyCNFT.com
